UserName,AccessKeyId,CreateDate
cloudberry-ym-mms-content-live,AKIAVPG2G76TTR3DL57C,2024-05-01 18:51:43
codebuild-packer,AKIAVPG2G76TZKWUGD5B,2023-05-22 21:02:17
DeveloperLocalMachine,AKIAJ7G4R4E5OQZUXMIA,2019-02-27 22:27:02
microservices-deploy,AKIAVPG2G76T3MSC67R2,2024-01-12 19:54:23
mms-ses-email,AKIAVPG2G76T7HI4OBXN,2021-01-26 19:13:21
ops-SES-user,AKIAVPG2G76TUH263YCE,2023-05-25 12:47:17
packerS3,AKIAVPG2G76TQIBHLDHU,2023-05-22 22:08:38
ses-smtp-sql-alerts,AKIAVPG2G76TYTL7TBFA,2024-11-20 22:30:03
ses-smtp-user.DBA,AKIAVPG2G76TXQMZRSAF,2023-06-23 16:41:39
SQLBackup,AKIAI4GIQ5XYK7ORXFIQ,2018-03-13 20:01:35
VSTS-Deployments,AKIAIMVVQ2NDDXNFNK5Q,2017-11-27 20:14:30
YM-DBA-SES-USER,AKIAVPG2G76T5SMKUFOG,2022-08-30 21:40:37
